game_id,game_name
613,Acceleration of SUGURI 2
613,Acceleration of SUGURI 2
613,Acceleration of SUGURI 2
613,Acceleration of SUGURI 2
613,Acceleration of SUGURI 2
613,Acceleration of SUGURI 2
613,Acceleration of SUGURI 2
826,After-H
826,After-H
510,Age of Empires
510,Age of Empires
179,Age of Empires II
179,Age of Empires II
177,Age of Empires III
177,Age of Empires III
746,Age of Empires IV
746,Age of Empires IV
540,Age of Empires Online
540,Age of Empires Online
178,Age of Mythology
178,Age of Mythology
747,Aim Gods
747,Aim Gods
667,Akatsuki Blitzkampf
667,Akatsuki Blitzkampf
246,Aliens versus Predator 2
246,Aliens versus Predator 2
750,Alliance of Valiant Arms
750,Alliance of Valiant Arms
702,Among Us
702,Among Us
566,Apex Legends
566,Apex Legends
775,Apex Legends Mobile
775,Apex Legends Mobile
457,Aquapazza: Aquaplus Dream Match
457,Aquapazza: Aquaplus Dream Match
431,Arcana Heart 3
431,Arcana Heart 3
597,Arcana Heart 3: Love Max Six Stars!!!!!
597,Arcana Heart 3: Love Max Six Stars!!!!!
462,Arcana Heart 3: LOVE MAX!!!!!
462,Arcana Heart 3: LOVE MAX!!!!!
787,Archangel Hellfire
787,Archangel Hellfire
529,Arena of Valor
529,Arena of Valor
717,Ark: Survival Of The Fittest
717,Ark: Survival Of The Fittest
508,ARMS
508,ARMS
552,Artifact Classic
552,Artifact Classic
661,Artifact Foundry
661,Artifact Foundry
521,Asphalt 4
521,Asphalt 4
625,Asphalt 9: Legends
625,Asphalt 9: Legends
553,Assetto Corsa
553,Assetto Corsa
659,Assetto Corsa Competizione
659,Assetto Corsa Competizione
668,Asuka 120% LimitOver BURNING Fest.
668,Asuka 120% LimitOver BURNING Fest.
489,Attack on Titan Tribute Game
489,Attack on Titan Tribute Game
765,Audio Trip
765,Audio Trip
589,Auto Chess
589,Auto Chess
528,Battalion 1944
528,Battalion 1944
528,Battalion 1944
468,Battlefield 1
468,Battlefield 1
357,Battlefield 2
357,Battlefield 2
355,Battlefield 2142
355,Battlefield 2142
248,Battlefield 3
248,Battlefield 3
274,Battlefield 4
274,Battlefield 4
394,Battlefield Hardline
394,Battlefield Hardline
651,Battlefield V
651,Battlefield V
453,Battlerite
453,Battlerite
695,Beat Aim
695,Beat Aim
804,Beat Saber
804,Beat Saber
635,Big Buck Hunter Arcade
635,Big Buck Hunter Arcade
522,Black Squad
522,Black Squad
405,Blade & Soul
405,Blade & Soul
807,Blankos Block Party
807,Blankos Block Party
739,Blaston
739,Blaston
430,BlazBlue: Calamity Trigger
430,BlazBlue: Calamity Trigger
456,BlazBlue: Central Fiction
456,BlazBlue: Central Fiction
332,BlazBlue: Chronophantasma
332,BlazBlue: Chronophantasma
413,BlazBlue: Chronophantasma Extend
413,BlazBlue: Chronophantasma Extend
261,BlazBlue: Continuum Shift Extend
261,BlazBlue: Continuum Shift Extend
212,BlazBlue: Continuum Shift II
212,BlazBlue: Continuum Shift II
548,BlazBlue: Cross Tag Battle
548,BlazBlue: Cross Tag Battle
244,Bloodline Champions
244,Bloodline Champions
838,Bloody Roar Extreme
838,Bloody Roar Extreme
622,Borderlands 3
622,Borderlands 3
586,Brawl Stars
586,Brawl Stars
443,Brawlhalla
443,Brawlhalla
551,Brawlout
551,Brawlout
693,Breakers Revenge
693,Breakers Revenge
861,Brink
861,Brink
356,Call of Duty
356,Call of Duty
356,Call of Duty
268,Call of Duty 2
268,Call of Duty 2
264,Call of Duty 4: Modern Warfare
264,Call of Duty 4: Modern Warfare
863,Call of Duty Online
863,Call of Duty Online
364,Call of Duty: Advanced Warfare
364,Call of Duty: Advanced Warfare
243,Call of Duty: Black Ops
243,Call of Duty: Black Ops
257,Call of Duty: Black Ops 2
257,Call of Duty: Black Ops 2
549,Call of Duty: Black Ops 4
549,Call of Duty: Black Ops 4
875,Call of Duty: Black Ops 6
875,Call of Duty: Black Ops 6
711,Call of Duty: Black Ops Cold War
711,Call of Duty: Black Ops Cold War
425,Call of Duty: Black Ops III
425,Call of Duty: Black Ops III
704,Call of Duty: Blackout
704,Call of Duty: Blackout
273,Call of Duty: Ghosts
273,Call of Duty: Ghosts
455,Call of Duty: Infinite Warfare
455,Call of Duty: Infinite Warfare
639,Call of Duty: Mobile
639,Call of Duty: Mobile
626,Call of Duty: Modern Warfare
626,Call of Duty: Modern Warfare
369,Call of Duty: Modern Warfare 2
369,Call of Duty: Modern Warfare 2
258,Call of Duty: Modern Warfare 3
258,Call of Duty: Modern Warfare 3
816,Call of Duty: Modern Warfare II
816,Call of Duty: Modern Warfare II
855,Call of Duty: Modern Warfare III
855,Call of Duty: Modern Warfare III
749,Call of Duty: Vanguard
749,Call of Duty: Vanguard
648,Call of Duty: Warzone
648,Call of Duty: Warzone
817,Call of Duty: Warzone 2.0
817,Call of Duty: Warzone 2.0
490,Call of Duty: WWII
490,Call of Duty: WWII
386,Capcom vs. SNK
386,Capcom vs. SNK
195,Capcom vs. SNK 2
195,Capcom vs. SNK 2
372,Carom 3D
372,Carom 3D
460,Catherine
460,Catherine
617,Catherine: Full Body
617,Catherine: Full Body
767,Cave Digger 2
767,Cave Digger 2
512,Chaos Code: New Sign of Catastrophe
512,Chaos Code: New Sign of Catastrophe
547,Chess.com
547,Chess.com
649,chess24
649,chess24
832,chessarena.com
832,chessarena.com
731,Chex Quest
731,Chex Quest
815,Chivalry 2
815,Chivalry 2
507,Clash of Clans
507,Clash of Clans
464,Clash Royale
464,Clash Royale
830,Clash Royale x Chess
830,Clash Royale x Chess
176,Command & Conquer 3
176,Command & Conquer 3
847,Command & Conquer: Red Alert
847,Command & Conquer: Red Alert
600,Company of Heroes 2
600,Company of Heroes 2
471,ComPet
471,ComPet
800,Contractors
800,Contractors
162,Counter-Strike
162,Counter-Strike
839,Counter-Strike 2
839,Counter-Strike 2
463,Counter-Strike Online
463,Counter-Strike Online
171,Counter-Strike: Condition Zero
171,Counter-Strike: Condition Zero
245,Counter-Strike: Global Offensive
245,Counter-Strike: Global Offensive
226,Counter-Strike: Source
226,Counter-Strike: Source
756,Crab Game
756,Crab Game
565,Creative Destruction
565,Creative Destruction
473,Critical Ops
473,Critical Ops
352,CrossFire
352,CrossFire
819,CrossFire HD
819,CrossFire HD
818,CrossFire Mobile
818,CrossFire Mobile
396,Crysis
396,Crysis
697,Cultris II
697,Cultris II
392,Day of Defeat
392,Day of Defeat
392,Day of Defeat
354,Day of Defeat: Source
354,Day of Defeat: Source
699,Dead By Daylight
699,Dead By Daylight
825,Dead by Daylight Mobile
825,Dead by Daylight Mobile
192,Dead or Alive 4
192,Dead or Alive 4
253,Dead or Alive 5
253,Dead or Alive 5
269,Dead or Alive 5 Ultimate
269,Dead or Alive 5 Ultimate
388,Dead or Alive 5: Last Round
388,Dead or Alive 5: Last Round
570,Dead or Alive 6
570,Dead or Alive 6
193,Dead or Alive Ultimate
193,Dead or Alive Ultimate
869,Deadlock
869,Deadlock
669,Def Jam: Fight for NY
669,Def Jam: Fight for NY
163,Defense of the Ancients
163,Defense of the Ancients
417,Dengeki Bunko: Fighting Climax
417,Dengeki Bunko: Fighting Climax
440,Dengeki Bunko: Fighting Climax Ignition
440,Dengeki Bunko: Fighting Climax Ignition
365,Descent 3
365,Descent 3
393,Diabotical
393,Diabotical
670,Digimon Rumble Arena
670,Digimon Rumble Arena
633,Dirt Rally 2.0
633,Dirt Rally 2.0
344,Divekick
344,Divekick
810,DNF Duel
810,DNF Duel
539,Dofus
539,Dofus
492,Doom (2016)
492,Doom (2016)
170,Doom 3
170,Doom 3
262,Doom II: Hell on Earth
262,Doom II: Hell on Earth
718,DOOMBRINGER
718,DOOMBRINGER
231,Dota 2
231,Dota 2
588,Dota Underlords
588,Dota Underlords
541,Dragon Ball FighterZ
541,Dragon Ball FighterZ
429,Dragon Ball Z: Budokai 3
429,Dragon Ball Z: Budokai 3
631,Dream league Soccer
631,Dream league Soccer
741,Dream Three Kingdoms 2
741,Dream Three Kingdoms 2
671,Duck Game
671,Duck Game
852,EA Sports FC 24
852,EA Sports FC 24
852,EA Sports FC 24
874,EA Sports FC 25
874,EA Sports FC 25
831,EA Sports FC Online
831,EA Sports FC Online
533,Echo Arena
533,Echo Arena
784,Echo Combat
784,Echo Combat
820,eFootball
820,eFootball
827,Eleven Table Tennis
827,Eleven Table Tennis
444,Endgods
444,Endgods
398,Enemy Territory: Quake Wars
398,Enemy Territory: Quake Wars
829,Epic Roller Coasters VR
829,Epic Roller Coasters VR
647,Escape from Tarkov
647,Escape from Tarkov
672,Eternal Fighter Zero
672,Eternal Fighter Zero
808,EV.IO
808,EV.IO
407,Evolve
407,Evolve
366,F.E.A.R.
366,F.E.A.R.
366,F.E.A.R.
579,F1 2018
579,F1 2018
610,F1 2019
610,F1 2019
707,F1 2020
707,F1 2020
752,F1 2021
752,F1 2021
824,F1 22
824,F1 22
523,Faeria
523,Faeria
696,Fall Guys
696,Fall Guys
637,Fantasy Strike
637,Fantasy Strike
844,Farlight 84
844,Farlight 84
630,Farming Simulator 19
630,Farming Simulator 19
850,Farming Simulator 22
850,Farming Simulator 22
223,FIFA 03
223,FIFA 03
222,FIFA 04
222,FIFA 04
221,FIFA 05
221,FIFA 05
220,FIFA 06
220,FIFA 06
219,FIFA 07
219,FIFA 07
218,FIFA 08
218,FIFA 08
217,FIFA 09
217,FIFA 09
216,FIFA 10
216,FIFA 10
215,FIFA 11
215,FIFA 11
250,FIFA 12
250,FIFA 12
255,FIFA 13
255,FIFA 13
271,FIFA 14
271,FIFA 14
362,FIFA 15
362,FIFA 15
421,FIFA 16
421,FIFA 16
465,FIFA 17
465,FIFA 17
518,FIFA 18
518,FIFA 18
556,FIFA 19
556,FIFA 19
621,FIFA 20
621,FIFA 20
414,FIFA 2000
414,FIFA 2000
229,FIFA 2001
229,FIFA 2001
224,FIFA 2002 World Cup
224,FIFA 2002 World Cup
712,FIFA 21
712,FIFA 21
754,FIFA 22
754,FIFA 22
828,FIFA 23
828,FIFA 23
368,FIFA Online 3
368,FIFA Online 3
555,FIFA Online 4
555,FIFA Online 4
673,Fight of Animals
673,Fight of Animals
607,Fighter's History Dynamite
607,Fighter's History Dynamite
581,Fighting EX Layer
581,Fighting EX Layer
877,Football Manager 2024
877,Football Manager 2024
534,Fortnite
534,Fortnite
759,Forza Horizon 5
759,Forza Horizon 5
864,Forza Motorsport (2023)
864,Forza Motorsport (2023)
270,Forza Motorsport 2
270,Forza Motorsport 2
380,Forza Motorsport 3
380,Forza Motorsport 3
378,Forza Motorsport 4
378,Forza Motorsport 4
578,Forza Motorsport 6
578,Forza Motorsport 6
577,Forza Motorsport 7
577,Forza Motorsport 7
598,Free Fire
598,Free Fire
605,Garou: Mark of the Wolves
605,Garou: Mark of the Wolves
605,Garou: Mark of the Wolves
595,Gears 5
595,Gears 5
214,Gears of War
214,Gears of War
263,Gears of War 2
263,Gears of War 2
382,Gears of War 3
382,Gears of War 3
452,Gears of War 4
452,Gears of War 4
505,Gears of War: Ultimate Edition
505,Gears of War: Ultimate Edition
853,GeoGuessr
853,GeoGuessr
466,Ghost Recon Advanced Warfighter
466,Ghost Recon Advanced Warfighter
862,GOALS
862,GOALS
803,GOLF Plus
803,GOLF Plus
744,Golf With Your Friends
744,Golf With Your Friends
408,Gran Turismo 3: A-Spec
408,Gran Turismo 3: A-Spec
238,Gran Turismo 4
238,Gran Turismo 4
821,Gran Turismo 7
821,Gran Turismo 7
629,Gran Turismo Sport
629,Gran Turismo Sport
858,Granblue Fantasy Versus: Rising
858,Granblue Fantasy Versus: Rising
732,Granblue Fantasy: Versus
732,Granblue Fantasy: Versus
433,Grey Goo
433,Grey Goo
632,GRID (2019)
632,GRID (2019)
769,Groove Gunner
769,Groove Gunner
381,Guild Wars 2
381,Guild Wars 2
604,Guilty Gear
604,Guilty Gear
733,Guilty Gear -STRIVE-
733,Guilty Gear -STRIVE-
438,Guilty Gear Xrd -REVELATOR-
438,Guilty Gear Xrd -REVELATOR-
375,Guilty Gear Xrd -SIGN-
375,Guilty Gear Xrd -SIGN-
495,Guilty Gear Xrd REV 2
495,Guilty Gear Xrd REV 2
199,Guilty Gear XX
199,Guilty Gear XX
200,Guilty Gear XX #Reload
200,Guilty Gear XX #Reload
202,Guilty Gear XX Accent Core
202,Guilty Gear XX Accent Core
203,Guilty Gear XX Accent Core Plus
203,Guilty Gear XX Accent Core Plus
334,Guilty Gear XX Accent Core Plus R
334,Guilty Gear XX Accent Core Plus R
201,Guilty Gear XX Slash
201,Guilty Gear XX Slash
403,Guitar Hero 5
403,Guitar Hero 5
410,Guitar Hero III: Legends of Rock
410,Guitar Hero III: Legends of Rock
576,Guitar Hero: World Tour
576,Guitar Hero: World Tour
513,Gundam Versus
513,Gundam Versus
571,Guns of Boom
571,Guns of Boom
487,Gwent
487,Gwent
768,Gym Masters VR
768,Gym Masters VR
419,H1Z1
419,H1Z1
419,H1Z1
154,Halo 2
154,Halo 2
384,Halo 2 Anniversary
384,Halo 2 Anniversary
155,Halo 3
155,Halo 3
256,Halo 4
256,Halo 4
423,Halo 5: Guardians
423,Halo 5: Guardians
643,Halo Infinite
643,Halo Infinite
153,Halo: Combat Evolved
153,Halo: Combat Evolved
156,Halo: Reach
156,Halo: Reach
502,Hand of the Gods
502,Hand of the Gods
328,Hearthstone
328,Hearthstone
445,Hearthstone Battlegrounds
445,Hearthstone Battlegrounds
501,Heavy Metal Machines
501,Heavy Metal Machines
722,Heroes of Might and Magic III
722,Heroes of Might and Magic III
242,Heroes of Newerth
242,Heroes of Newerth
371,Heroes of the Storm
371,Heroes of the Storm
608,Hokuto no Ken
608,Hokuto no Ken
748,Hot Lap League
748,Hot Lap League
663,Hyper Scape
663,Hyper Scape
168,Hyper Street Fighter II
168,Hyper Street Fighter II
674,HYPERFIGHT
674,HYPERFIGHT
715,Identity V
715,Identity V
715,Identity V
860,Idol Showdown
860,Idol Showdown
494,Injustice 2
494,Injustice 2
260,Injustice: Gods Among Us
260,Injustice: Gods Among Us
665,Internet Chess Club
665,Internet Chess Club
532,iRacing.com
532,iRacing.com
681,Iron Harvest
681,Iron Harvest
543,Ironsight
543,Ironsight
544,Islands of Nyne
544,Islands of Nyne
783,Jak 3
783,Jak 3
783,Jak 3
781,Jak and Daxter: The Precursur Legacy
781,Jak and Daxter: The Precursur Legacy
782,Jak II
782,Jak II
813,JoJo's Bizarre Adventure: All Star Battle R
813,JoJo's Bizarre Adventure: All Star Battle R
675,JoJo's Bizarre Adventure: Heritage for the Future
675,JoJo's Bizarre Adventure: Heritage for the Future
664,Jstris
664,Jstris
363,Just Dance 2014
363,Just Dance 2014
774,Just Hoops
774,Just Hoops
720,"KARDS, The World War II Card Game"
720,"KARDS, The World War II Card Game"
720,"KARDS, The World War II Card Game"
483,KartRider
483,KartRider
612,Kill la Kill the Game: IF
612,Kill la Kill the Game: IF
333,Killer Instinct (2013)
333,Killer Instinct (2013)
442,King of Fighters 2002 Unlimited Match
442,King of Fighters 2002 Unlimited Match
602,King of Fighters 98
602,King of Fighters 98
427,King of Fighters XI
427,King of Fighters XI
241,King of Fighters XIII
241,King of Fighters XIII
441,King of Fighters XIV
441,King of Fighters XIV
761,King of Fighters XV
761,King of Fighters XV
709,Kirby Fighters 2
709,Kirby Fighters 2
735,Knockout City
735,Knockout City
461,Koihime Enbu
461,Koihime Enbu
164,League of Legends
164,League of Legends
164,League of Legends
734,League of Legends: Wild Rift
734,League of Legends: Wild Rift
424,Legend of Glory
424,Legend of Glory
644,Legends of Runeterra
644,Legends of Runeterra
745,Legion TD 2
745,Legion TD 2
751,Lemnis Gate
751,Lemnis Gate
560,Lethal League Blaze
560,Lethal League Blaze
650,Lichess
650,Lichess
348,Live for Speed
348,Live for Speed
766,Loco Dojo Unleashed
766,Loco Dojo Unleashed
472,Mad Skills Motocross 2
472,Mad Skills Motocross 2
472,Mad Skills Motocross 2
477,Madden NFL 06
477,Madden NFL 06
478,Madden NFL 07
478,Madden NFL 07
479,Madden NFL 08
479,Madden NFL 08
480,Madden NFL 09
480,Madden NFL 09
275,Madden NFL 13
275,Madden NFL 13
476,Madden NFL 16
476,Madden NFL 16
475,Madden NFL 17
475,Madden NFL 17
519,Madden NFL 18
519,Madden NFL 18
573,Madden NFL 19
573,Madden NFL 19
793,Madden NFL 20
793,Madden NFL 20
412,Madden NFL 2004
412,Madden NFL 2004
841,Madden NFL 21
841,Madden NFL 21
794,Madden NFL 22
794,Madden NFL 22
840,Madden NFL 23
840,Madden NFL 23
851,Madden NFL 24
851,Madden NFL 24
870,Madden NFL 25
870,Madden NFL 25
567,Magic: The Gathering Arena
567,Magic: The Gathering Arena
545,Magic: The Gathering Online
545,Magic: The Gathering Online
641,Magical Drop III
641,Magical Drop III
677,Maiden & Spell
677,Maiden & Spell
776,Marbles on Stream
776,Marbles on Stream
594,Mario Kart 8 Deluxe
594,Mario Kart 8 Deluxe
562,Mario Tennis Aces
562,Mario Tennis Aces
876,Marvel Rivals
876,Marvel Rivals
873,MARVEL SNAP
873,MARVEL SNAP
194,Marvel vs. Capcom 2
194,Marvel vs. Capcom 2
196,Marvel vs. Capcom 3
196,Marvel vs. Capcom 3
470,Marvel vs. Capcom: Infinite
470,Marvel vs. Capcom: Infinite
488,MechWarrior Online
488,MechWarrior Online
209,Melty Blood: Actress Again
209,Melty Blood: Actress Again
458,Melty Blood: Actress Again Current Code
458,Melty Blood: Actress Again Current Code
743,Melty Blood: Type Lumina
743,Melty Blood: Type Lumina
721,Men of War: Assault Squad 2
721,Men of War: Assault Squad 2
432,Metal Gear Online
432,Metal Gear Online
755,Microsoft Excel
755,Microsoft Excel
725,Mighty Fight Federation
725,Mighty Fight Federation
606,Million Arthur: Arcana Blood
606,Million Arthur: Arcana Blood
559,Minecraft
559,Minecraft
467,MOBA Legends
467,MOBA Legends
531,Mobile Legends: Bang Bang
531,Mobile Legends: Bang Bang
726,Mobile Suit Gundam: Extreme Vs Maxi Boost ON
726,Mobile Suit Gundam: Extreme Vs Maxi Boost ON
652,Mordhau
652,Mordhau
854,Mortal Kombat 1
854,Mortal Kombat 1
583,Mortal Kombat 11
583,Mortal Kombat 11
211,Mortal Kombat 9
211,Mortal Kombat 9
361,Mortal Kombat vs. DC Universe
361,Mortal Kombat vs. DC Universe
391,Mortal Kombat X
391,Mortal Kombat X
448,Mortal Kombat XL
448,Mortal Kombat XL
694,Multigaming
694,Multigaming
805,MultiVersus
805,MultiVersus
599,Mystery Game Tournament
599,Mystery Game Tournament
723,Mythgard
723,Mythgard
780,Naraka: Bladepoint
780,Naraka: Bladepoint
780,Naraka: Bladepoint
486,Naruto Shippuden: Ultimate Ninja Storm 4
486,Naruto Shippuden: Ultimate Ninja Storm 4
678,Naruto: Gekitou Ninja Taisen! 4
678,Naruto: Gekitou Ninja Taisen! 4
662,NASCAR Heat 4
662,NASCAR Heat 4
719,Nascar Heat 5
719,Nascar Heat 5
350,NASCAR Thunder 2002
350,NASCAR Thunder 2002
358,NASCAR Thunder 2003
358,NASCAR Thunder 2003
367,NBA 2K Online
367,NBA 2K Online
846,NBA 2K Online 2
846,NBA 2K Online 2
538,NBA 2K18
538,NBA 2K18
591,NBA 2K19
591,NBA 2K19
736,NBA 2K20
736,NBA 2K20
737,NBA 2K21
737,NBA 2K21
845,NBA 2K22
845,NBA 2K22
842,NBA 2K23
842,NBA 2K23
173,Need for Speed Carbon
173,Need for Speed Carbon
174,Need for Speed: Most Wanted
174,Need for Speed: Most Wanted
277,Need for Speed: ProStreet
277,Need for Speed: ProStreet
232,Need for Speed: Shift
232,Need for Speed: Shift
227,Need for Speed: Underground
227,Need for Speed: Underground
175,Need for Speed: Underground 2
175,Need for Speed: Underground 2
416,NHL '94
416,NHL '94
377,NHL 12
377,NHL 12
276,NHL 13
276,NHL 13
329,NHL 14
329,NHL 14
383,NHL 15
383,NHL 15
574,NHL 17
574,NHL 17
542,NHL 18
542,NHL 18
572,NHL 19
572,NHL 19
843,NHL 23
843,NHL 23
771,Ninja Legends
771,Ninja Legends
420,Nitroplus Blasterz: Heroines Infinite Duel
420,Nitroplus Blasterz: Heroines Infinite Duel
799,Nock
799,Nock
557,Old School Runescape
557,Old School Runescape
557,Old School Runescape
779,Onmyoji Arena
779,Onmyoji Arena
785,Onward
785,Onward
525,osu!
525,osu!
426,Overwatch
426,Overwatch
792,Overwatch 2
792,Overwatch 2
515,Pac-man
515,Pac-man
515,Pac-man
239,Painkiller
239,Painkiller
447,Paladins
447,Paladins
691,Panel Attack
691,Panel Attack
871,PARAVOX
871,PARAVOX
798,Pavlov
798,Pavlov
834,Penguin Paradise
834,Penguin Paradise
252,Persona 4 Arena
252,Persona 4 Arena
389,Persona 4 Arena Ultimax
389,Persona 4 Arena Ultimax
773,Pistol Whip
773,Pistol Whip
656,Playchess.com
656,Playchess.com
554,PLAYERUNKNOWN'S BATTLEGROUNDS Mobile
554,PLAYERUNKNOWN'S BATTLEGROUNDS Mobile
504,PLAYERUNKNOWN’S BATTLEGROUNDS
504,PLAYERUNKNOWN’S BATTLEGROUNDS
822,Pocket Bravery
822,Pocket Bravery
679,Pocket Rumble
679,Pocket Rumble
346,Point Blank
346,Point Blank
806,Pokémon GO
806,Pokémon GO
481,Pokémon TCG
481,Pokémon TCG
872,Pokémon TCG Pocket
872,Pokémon TCG Pocket
757,Pokemon Unite
757,Pokemon Unite
503,Pokémon VGC
503,Pokémon VGC
437,Pokkén Tournament
437,Pokkén Tournament
506,Pokkén Tournament DX
506,Pokkén Tournament DX
680,Power Instinct: Matrimelee
680,Power Instinct: Matrimelee
614,Power Rangers: Battle for the Grid
614,Power Rangers: Battle for the Grid
516,Power Rangers: Legacy Wars
516,Power Rangers: Legacy Wars
337,Pro Evolution Soccer 2008
337,Pro Evolution Soccer 2008
338,Pro Evolution Soccer 2009
338,Pro Evolution Soccer 2009
500,Pro Evolution Soccer 2013
500,Pro Evolution Soccer 2013
497,Pro Evolution Soccer 2014
497,Pro Evolution Soccer 2014
498,Pro Evolution Soccer 2015
498,Pro Evolution Soccer 2015
450,Pro Evolution Soccer 2016
450,Pro Evolution Soccer 2016
451,Pro Evolution Soccer 2017
451,Pro Evolution Soccer 2017
550,Pro Evolution Soccer 2018
550,Pro Evolution Soccer 2018
645,Pro Evolution Soccer 2019
645,Pro Evolution Soccer 2019
234,Pro Evolution Soccer 3
234,Pro Evolution Soccer 3
235,Pro Evolution Soccer 4
235,Pro Evolution Soccer 4
236,Pro Evolution Soccer 5
236,Pro Evolution Soccer 5
237,Pro Evolution Soccer 6
237,Pro Evolution Soccer 6
482,Project Cars
482,Project Cars
561,Project Cars 2
561,Project Cars 2
228,Project Gotham Racing 2
228,Project Gotham Racing 2
180,Project Gotham Racing 3
180,Project Gotham Racing 3
181,Project Gotham Racing 4
181,Project Gotham Racing 4
619,Project Justice
619,Project Justice
331,Project M
331,Project M
682,Project Plus
682,Project Plus
653,Prophecy
653,Prophecy
683,Punch Planet
683,Punch Planet
601,Puyo Puyo Champions
601,Puyo Puyo Champions
514,Puyo Puyo Tetris
514,Puyo Puyo Tetris
742,Puyo Puyo Tetris 2
742,Puyo Puyo Tetris 2
169,Quake 4
169,Quake 4
169,Quake 4
499,Quake Champions
499,Quake Champions
161,Quake II
161,Quake II
159,Quake III Arena
159,Quake III Arena
157,Quake Live
157,Quake Live
160,QuakeWorld
160,QuakeWorld
569,RaceRoom Racing Experience
569,RaceRoom Racing Experience
569,RaceRoom Racing Experience
797,Racket: NX
797,Racket: NX
706,Radical Heights
706,Radical Heights
493,Rage
493,Rage
770,Ragnaröck
770,Ragnaröck
814,Rainbow Six Extraction
814,Rainbow Six Extraction
439,Rainbow Six Siege
439,Rainbow Six Siege
265,Rainbow Six: Vegas
265,Rainbow Six: Vegas
266,Rainbow Six: Vegas 2
266,Rainbow Six: Vegas 2
546,Realm Royale
546,Realm Royale
727,Red Earth
727,Red Earth
373,Red Stone
373,Red Stone
404,Reflex
404,Reflex
849,Rennsport
849,Rennsport
740,Resistance 2
740,Resistance 2
247,Return to Castle Wolfenstein
247,Return to Castle Wolfenstein
763,Rezzil Player
763,Rezzil Player
700,rFactor
700,rFactor
526,rFactor 2
526,rFactor 2
603,Ring of Elysium
603,Ring of Elysium
399,Rise of Nations: Rise of Legends
399,Rise of Nations: Rise of Legends
418,Rising Thunder
418,Rising Thunder
469,Rivals of Aether
469,Rivals of Aether
738,Roblox
738,Roblox
698,Rocket Arena
698,Rocket Arena
409,Rocket League
409,Rocket League
758,Rocket League Sideswipe
758,Rocket League Sideswipe
713,Rogue Company
713,Rogue Company
836,Roller Champions
836,Roller Champions
684,Roof Rage
684,Roof Rage
527,Rules Of Survival
527,Rules Of Survival
728,Rushdown Revolt
728,Rushdown Revolt
812,Rust
812,Rust
411,S.K.I.L.L. - Special Force 2
411,S.K.I.L.L. - Special Force 2
411,S.K.I.L.L. - Special Force 2
401,S.T.A.L.K.E.R.: Shadow of Chernobyl
401,S.T.A.L.K.E.R.: Shadow of Chernobyl
580,Sailor Moon S
580,Sailor Moon S
593,Samurai Shodown (2019)
593,Samurai Shodown (2019)
685,Samurai Shodown III
685,Samurai Shodown III
615,Samurai Shodown V Special
615,Samurai Shodown V Special
686,Schwarzerblitz
686,Schwarzerblitz
624,Sea of Thieves
624,Sea of Thieves
701,Sekiro: Shadows Die Twice
701,Sekiro: Shadows Die Twice
267,Shadowrun
267,Shadowrun
564,Shadowverse
564,Shadowverse
563,Shardbound
563,Shardbound
422,Shards of War
422,Shards of War
254,ShootMania Storm
254,ShootMania Storm
636,Shovel Knight Showdown
636,Shovel Knight Showdown
687,Shrek SuperSlam
687,Shrek SuperSlam
342,Skullgirls
342,Skullgirls
459,Skullgirls 2nd Encore
459,Skullgirls 2nd Encore
343,Skullgirls Encore
343,Skullgirls Encore
688,Slap City
688,Slap City
760,Slapshot Rebound
760,Slapshot Rebound
689,SLAYERS FOR HIRE
689,SLAYERS FOR HIRE
710,Smash Remix
710,Smash Remix
351,SMITE
351,SMITE
795,Snapshot VR
795,Snapshot VR
611,SNK Heroines: Tag Team Frenzy
611,SNK Heroines: Tag Team Frenzy
524,Soccer Stars
524,Soccer Stars
197,Soul Calibur II
197,Soul Calibur II
340,Soul Calibur II HD Online
340,Soul Calibur II HD Online
198,Soul Calibur IV
198,Soul Calibur IV
240,Soul Calibur V
240,Soul Calibur V
568,Soul Calibur VI
568,Soul Calibur VI
788,Space Junkies
788,Space Junkies
485,Special Force
485,Special Force
690,Speedrunners
690,Speedrunners
708,Spellbreak
708,Spellbreak
415,Splatoon
415,Splatoon
509,Splatoon 2
509,Splatoon 2
582,Splitgate: Arena Warfare
582,Splitgate: Arena Warfare
789,Sprint Vector
789,Sprint Vector
349,Star Wars Jedi Knight II: Jedi Outcast
349,Star Wars Jedi Knight II: Jedi Outcast
716,Star Wars: Squadrons
716,Star Wars: Squadrons
151,StarCraft II
151,StarCraft II
152,StarCraft: Brood War
152,StarCraft: Brood War
868,StarCraft: Evo Complete (Mod)
868,StarCraft: Evo Complete (Mod)
762,StarCraft: Remastered
762,StarCraft: Remastered
705,Stardew Valley
705,Stardew Valley
835,Stick Fight the Game
835,Stick Fight the Game
859,Stormgate
859,Stormgate
837,Street Fighter 6
837,Street Fighter 6
385,Street Fighter Alpha 2
385,Street Fighter Alpha 2
353,Street Fighter Alpha 3
353,Street Fighter Alpha 3
584,Street Fighter EX2 Plus
584,Street Fighter EX2 Plus
167,Street Fighter III: 3rd Strike
167,Street Fighter III: 3rd Strike
206,Street Fighter IV
206,Street Fighter IV
434,Street Fighter V
434,Street Fighter V
536,Street Fighter V: Arcade Edition
536,Street Fighter V: Arcade Edition
642,Street Fighter V: Champion Edition
642,Street Fighter V: Champion Edition
213,Street Fighter X Tekken
213,Street Fighter X Tekken
484,Sudden Attack
484,Sudden Attack
778,Summoners War: Sky Arena
778,Summoners War: Sky Arena
596,Super Mario Party
596,Super Mario Party
809,Super People
809,Super People
330,Super Smash Bros.
330,Super Smash Bros.
205,Super Smash Bros. Brawl
205,Super Smash Bros. Brawl
374,Super Smash Bros. for Wii U
374,Super Smash Bros. for Wii U
204,Super Smash Bros. Melee
204,Super Smash Bros. Melee
558,Super Smash Bros. Ultimate
558,Super Smash Bros. Ultimate
166,Super Street Fighter II Turbo
166,Super Street Fighter II Turbo
207,Super Street Fighter II Turbo HD Remix
207,Super Street Fighter II Turbo HD Remix
230,Super Street Fighter IV
230,Super Street Fighter IV
208,Super Street Fighter IV Arcade Edition
208,Super Street Fighter IV Arcade Edition
823,SuperPlayer
823,SuperPlayer
400,Supreme Commander
400,Supreme Commander
397,Supreme Commander: Forged Alliance
397,Supreme Commander: Forged Alliance
764,Synth Riders
764,Synth Riders
210,Tatsunoko vs. Capcom: Ultimate All-Stars
210,Tatsunoko vs. Capcom: Ultimate All-Stars
210,Tatsunoko vs. Capcom: Ultimate All-Stars
335,Team Fortress 2
335,Team Fortress 2
592,Teamfight Tactics
592,Teamfight Tactics
585,Teenage Mutant Ninja Turtles: Tournament Fighters
585,Teenage Mutant Ninja Turtles: Tournament Fighters
609,Teeworlds
609,Teeworlds
185,Tekken 4
185,Tekken 4
186,Tekken 5
186,Tekken 5
187,Tekken 5: Dark Resurrection
187,Tekken 5: Dark Resurrection
189,Tekken 6
189,Tekken 6
406,Tekken 7
406,Tekken 7
856,Tekken 8
856,Tekken 8
188,Tekken Tag Tournament
188,Tekken Tag Tournament
251,Tekken Tag Tournament 2
251,Tekken Tag Tournament 2
833,Temtem
833,Temtem
627,TEPPEN
627,TEPPEN
654,Tetr.io
654,Tetr.io
628,Tetris
628,Tetris
724,Tetris Effect: Connected
724,Tetris Effect: Connected
428,Tetris Ultimate
428,Tetris Ultimate
753,The Binding of Isaac
753,The Binding of Isaac
703,The Division 2
703,The Division 2
491,The Elder Scrolls: Legends
491,The Elder Scrolls: Legends
866,The Finals
866,The Finals
676,The Last Blade 2
676,The Last Blade 2
790,The Unspoken
790,The Unspoken
616,Them's Fightin' Herds
616,Them's Fightin' Herds
867,Tibia
867,Tibia
729,Toribash
729,Toribash
848,Total Annihilation
848,Total Annihilation
730,Tough Love Arena
730,Tough Love Arena
666,Touhou Hisoutensoku ~ Choudokyuu Ginyoru no Nazo o Oe
666,Touhou Hisoutensoku ~ Choudokyuu Ginyoru no Nazo o Oe
801,Tower Tag
801,Tower Tag
474,TowerFall: Ascension
474,TowerFall: Ascension
655,Trackmania (2020)
655,Trackmania (2020)
359,TrackMania 2: Canyon
359,TrackMania 2: Canyon
272,TrackMania 2: Stadium
272,TrackMania 2: Stadium
658,Trackmania 2: Valley
658,Trackmania 2: Valley
233,TrackMania Nations
233,TrackMania Nations
172,TrackMania Nations Forever
172,TrackMania Nations Forever
657,Trackmania Turbo
657,Trackmania Turbo
660,Trackmania United
660,Trackmania United
336,Trackmania United Forever
336,Trackmania United Forever
395,Trials Fusion
395,Trials Fusion
370,Turbo Racing League
370,Turbo Racing League
692,Twinkle Star Sprites
692,Twinkle Star Sprites
249,Ultimate Marvel vs. Capcom 3
249,Ultimate Marvel vs. Capcom 3
249,Ultimate Marvel vs. Capcom 3
360,Ultimate Mortal Kombat 3
360,Ultimate Mortal Kombat 3
620,Ultra Fight Da! Kyanta 2
620,Ultra Fight Da! Kyanta 2
339,Ultra Street Fighter IV
339,Ultra Street Fighter IV
618,Umineko: Golden Fantasia
618,Umineko: Golden Fantasia
454,Uncharted 4: A Thief's End
454,Uncharted 4: A Thief's End
390,Under Night In-Birth EXE: Late
390,Under Night In-Birth EXE: Late
640,Under Night In-Birth EXE: Late[cl-r]
640,Under Night In-Birth EXE: Late[cl-r]
511,Under Night In-Birth EXE: Late[st]
511,Under Night In-Birth EXE: Late[st]
857,Under Night In-Birth II [Sys:Celes]
857,Under Night In-Birth II [Sys:Celes]
634,UNO
634,UNO
182,Unreal Tournament
182,Unreal Tournament
387,Unreal Tournament (2016)
387,Unreal Tournament (2016)
183,Unreal Tournament 2003
183,Unreal Tournament 2003
184,Unreal Tournament 2004
184,Unreal Tournament 2004
259,Unreal Tournament 3
259,Unreal Tournament 3
791,Vail VR
791,Vail VR
791,Vail VR
796,VAIL VR
796,VAIL VR
449,Vainglory
449,Vainglory
646,VALORANT
646,VALORANT
446,Vampire Savior
446,Vampire Savior
190,Virtua Fighter 4: Evolution
190,Virtua Fighter 4: Evolution
191,Virtua Fighter 5
191,Virtua Fighter 5
341,Virtua Fighter 5 Final Showdown
341,Virtua Fighter 5 Final Showdown
537,Virtua Fighter 5: Ultimate Showdown
537,Virtua Fighter 5: Ultimate Showdown
772,Void Racer
772,Void Racer
802,Walkabout Mini Golf
802,Walkabout Mini Golf
802,Walkabout Mini Golf
158,WarCraft III
158,WarCraft III
638,WarCraft III: Reforged
638,WarCraft III: Reforged
530,Warface
530,Warface
225,"Warhammer 40,000: Dawn of War"
225,"Warhammer 40,000: Dawn of War"
402,"Warhammer 40,000: Dawn of War II"
402,"Warhammer 40,000: Dawn of War II"
590,Warparty
590,Warparty
379,Warsow
379,Warsow
587,Windjammers
587,Windjammers
777,Windjammers 2
777,Windjammers 2
575,Wise Star 2
575,Wise Star 2
496,Wolfenstein: Enemy Territory
496,Wolfenstein: Enemy Territory
347,World in Conflict
347,World in Conflict
345,World of Tanks
345,World of Tanks
517,World of Tanks Blitz
517,World of Tanks Blitz
165,World of WarCraft
165,World of WarCraft
811,WRC 10 FIA World Rally Championship
811,WRC 10 FIA World Rally Championship
623,WWE 2K20
623,WWE 2K20
376,Xonotic
376,Xonotic
376,Xonotic
520,Yu-Gi-Oh! Duel Links
520,Yu-Gi-Oh! Duel Links
520,Yu-Gi-Oh! Duel Links
865,ZeroSpace
865,ZeroSpace
865,ZeroSpace
786,Zombieland VR: Headshot Fever
786,Zombieland VR: Headshot Fever
535,Zula
535,Zula
714,Zwift
714,Zwift
